src/architecture/invariant-schema.ts	13536ca78ca8	1
src/architecture/invariant-schema.ts	2f1b627afb78	1
src/architecture/invariant-schema.ts	382c34d16465	1
src/architecture/invariant-schema.ts	5656b0d73f71	1
src/architecture/invariant-schema.ts	5cf1c6c1a029	1
src/architecture/invariant-schema.ts	6bcbec4fd9b8	1
src/architecture/invariant-schema.ts	72f529ce4340	1
src/architecture/invariant-schema.ts	77c271075eeb	1
src/architecture/invariant-schema.ts	9ca2bbb22e58	1
src/architecture/invariant-schema.ts	bb60ac3d27d2	1
src/architecture/invariant-schema.ts	cdd71efc778a	1
src/architecture/invariant-schema.ts	d0dbeecc5b61	1
src/architecture/invariant-schema.ts	d7949a802d7c	1
src/architecture/invariant-schema.ts	da0111fe0bbd	1
src/architecture/invariant-schema.ts	ded876c379e0	1
src/architecture/invariant-schema.ts	e1c7ecbd5721	1
src/contract/cli/generated/cli-action-ids.ts	b3ef0579515c	1
src/install/runtimes/embedded.ts	ce76e48dd41c	1
src/runtime/lib/plugin-compat.ts	0a76f0603eab	1
src/runtime/lib/plugin-compat.ts	0bbe159b46fb	1
src/runtime/lib/plugin-compat.ts	1d7226a02459	1
src/runtime/lib/plugin-compat.ts	3214770e1eaa	1
src/runtime/lib/plugin-compat.ts	35239f4d592b	1
src/runtime/lib/plugin-compat.ts	36df44b4b9a9	1
src/runtime/lib/plugin-compat.ts	3945462641a5	1
src/runtime/lib/plugin-compat.ts	42187c431c85	1
src/runtime/lib/plugin-compat.ts	5c00699162a5	1
src/runtime/lib/plugin-compat.ts	6e19abe67c2b	1
src/runtime/lib/plugin-compat.ts	7910e75b8370	1
src/runtime/lib/plugin-compat.ts	a48f50aa310d	1
src/runtime/lib/plugin-compat.ts	a635538b0b1c	1
src/runtime/lib/plugin-compat.ts	cb794d4e0ce7	1
src/runtime/lib/plugin-compat.ts	ef34376c4b11	1
src/runtime/lib/plugin-compat.ts	f1a5c8d0a34c	1
src/runtime/lib/plugin-compat.ts	f31bae23d717	1
src/runtime/lib/plugin-compat.ts	f5ce873a9055	1
src/runtime/lib/plugin-compat.ts	f87ff77892d7	1
src/runtime/lib/plugin-compat.ts	f931f97c3679	1
src/runtime/lib/plugin-compat.ts	f9b142e6b9b3	1
tests/core/integration/suite-invariants/legacy-shape-debt.ts	4059d56f7a1f	1
tests/core/integration/suite-invariants/legacy-shape-debt.ts	99e699bf4ddd	1
tests/evals/quality-ab/tasks/csv-line/impl.stub.ts	d98f847c7ba1	1
tests/evals/quality-ab/tasks/parse-duration/impl.stub.ts	d98f847c7ba1	1
tests/evals/quality-ab/tasks/token-bucket/impl.stub.ts	d98f847c7ba1	2
tools/test-helpers/live-checkout-writes.ts	088cc04f2a81	1
tools/test-helpers/live-checkout-writes.ts	124d40433a28	1
tools/test-helpers/live-checkout-writes.ts	7c0aba6e20b9	1
tools/test-helpers/live-checkout-writes.ts	f95751c037b5	1
tools/test-helpers/repo-sandbox.test.ts	c5c088062c5a	1
tools/test-helpers/repo-sandbox.ts	bc1eda3ab8e2	1
tools/test-helpers/runner-dependence-scanner.ts	97e13a46f474	1
tools/test-helpers/scratch-sweep.ts	60af9400c323	1
tools/test-helpers/scratch-sweep.ts	966692c37ba5	1
tools/test-helpers/spawn.test.ts	18674ddb6a9a	1
tools/test-helpers/spawn.ts	16178102668a	1
tools/test-helpers/spawn.ts	2e6cbd45d3db	1
tools/test-helpers/spawn.ts	4bc26fad36e0	1
tools/test-helpers/spawn.ts	cf4daab2ef45	1
tools/test-helpers/temp-run-root.ts	b8028739feb2	1
